"music_id","net_music_seq","title","artist","tempo","start_flat1","start_flat2","start_flat3","start_flat4","start_flat5","start_flat6","my_music","app_match_ver","etc"
"1","2","★Cannon","Pachelbel","77","0","0","0","0","0","0","0","1.0","null"
"2","123","★The Entertainer","Scott Joplin","80","0","0","0","0","0","0","0","2.4","null"
"3","3","Air on a G String","Bach","65","0","0","0","0","0","0","0","1.0","null"
"4","124","★★Vidalita","Traditional","120","0","0","0","0","0","0","0","2.4","null"
"5","6","★Minuet","Bach","140","0","0","0","0","0","0","0","1.0","null"
"6","4","★Romance","Tarrega","120","0","0","0","0","0","0","0","1.0","null"
"7","111","★★★Toccata and Fugue","Bach","110","0","0","0","0","0","0","0","2.4","null"
"8","1","★Moon Light","Beethoven","50","0","0","0","0","0","0","0","1.0","null"
"9","5","★Noel","Bach","100","0","0","0","0","0","0","0","1.0","null"
"10","109","★★★Turkish Delight","Mozart","140","0","0","0","0","0","0","0","2.4","null"
"11","7","★☆Fur Elise","Beethoven","62","0","0","0","0","0","0","0","1.0","null"
"12","8","★Ciacona","S L Weiss","70","0","0","0","0","0","0","0","1.0","null"
"13","112","★★★Hungarian Danse No. 5","Brahms","140","0","0","0","0","0","0","0","2.4","null"
"14","9","Cathedral","Agustin Barrios","45","0","0","0","0","0","0","0","1.0","null"
"15","18","Greensleeves","Anonymous","70","0","0","0","0","0","0","0","1.0","null"
"16","110","★★★☆Asturias","Isaac Albeniz","120","0","0","0","0","0","0","0","2.4","null"
"17","19","El Noi de la Mare","Miguel Llobet","50","0","0","0","0","0","0","0","1.0","null"
"18","113","★★★★Sinfonia 40","Mozart","250","0","0","0","0","0","0","0","2.4","null"
"19","20","Gymnopedie No. 1","Erik Satie","88","0","0","0","0","0","0","0","1.0","null"
"20","122","★★★★The Bees","Agustin barrios","140","0","0","0","0","0","0","0","2.4","null"
"21","26","Salut d`amour","Elgar","100","0","0","0","0","0","0","0","1.0","null"
"22","114","★★★★★Moonlight Sonata Op. 27, No. 2.","Beethoven","176","0","0","0","0","0","0","0","2.4","null"